Team Name,Year,Wins,Losses,OT Losses,Win %,Goals For (GF),Goals Against (GA),+ / -,Goal Differential
Dallas Stars,1995,26,42,,0.317,227,280,-53,-53
Detroit Red Wings,1995,62,13,,0.756,325,181,144,144
Edmonton Oilers,1995,30,44,,0.366,240,304,-64,-64
Florida Panthers,1995,41,31,,0.5,254,234,20,20
Hartford Whalers,1995,34,39,,0.415,237,259,-22,-22
Los Angeles Kings,1995,24,40,,0.293,256,302,-46,-46
Montreal Canadiens,1995,40,32,,0.488,265,248,17,17
New Jersey Devils,1995,37,33,,0.451,215,202,13,13
New York Islanders,1995,22,50,,0.268,229,315,-86,-86
New York Rangers,1995,41,27,,0.5,272,237,35,35
Ottawa Senators,1995,18,59,,0.22,191,291,-100,-100
Philadelphia Flyers,1995,45,24,,0.549,282,208,74,74
Pittsburgh Penguins,1995,49,29,,0.598,362,284,78,78
San Jose Sharks,1995,20,55,,0.244,252,357,-105,-105
St. Louis Blues,1995,32,34,,0.39,219,248,-29,-29
Tampa Bay Lightning,1995,38,32,,0.463,238,248,-10,-10
Toronto Maple Leafs,1995,34,36,,0.415,247,252,-5,-5
Vancouver Canucks,1995,32,35,,0.39,278,278,0,0
Washington Capitals,1995,39,32,,0.476,234,204,30,30
Winnipeg Jets,1995,36,40,,0.439,275,291,-16,-16
Mighty Ducks of Anaheim,1996,36,33,,0.439,245,233,12,12
Boston Bruins,1996,26,47,,0.317,234,300,-66,-66
Buffalo Sabres,1996,40,30,,0.488,237,208,29,29
Calgary Flames,1996,32,41,,0.39,214,239,-25,-25
Chicago Blackhawks,1996,34,35,,0.415,223,210,13,13
